EN_DrugBank,RO_ANMDM
Abacavir,ABACAVIRUM
Abatacept,ABATACEPTUM
Abciximab,
Abemaciclib,ABEMACICLIBUM
Abiraterone,ABIRATERONUM
Acarbose,ACARBOSUM
Acebutolol,
Acetaminophen,PARACETAMOLUM
Acetazolamide,ACETAZOLAMIDUM
Acetohexamide,
Acetohydroxamic acid,
Acetylcysteine,ACETYLCYSTEINUM
Acitretin,
Aclidinium,ACLIDINIUM BROMIDUM
Acrivastine,
Acyclovir,ACICLOVIRUM
Adalimumab,ADALIMUMABUM
Adefovir dipivoxil,ADEFOVIRUM DIPIVOXILUM
Adenosine,ADENOSINUM
Afatinib,AFATINIBUM
Agalsidase beta,AGALSIDASUM BETA
Albendazole,ALBENDAZOLUM
Albiglutide,
Aldesleukin,
Alectinib,ALECTINIB
Alefacept,
Alemtuzumab,ALEMTUZUMABUM
Alfentanil,
Alfuzosin,ALFUZOSINUM
Alirocumab,ALIROCUMABUM
Aliskiren,ALISKIRENUM
Allopurinol,ALLOPURINOLUM
Almotriptan,
Alogliptin,
Alosetron,
Alpha-1-proteinase inhibitor,INHIBITOR ALFA1 PROTEINAZA UMANA
Alprazolam,ALPRAZOLAMUM
Alprostadil,ALPROSTADILUM
Alteplase,ALTEPLASUM
Altretamine,
Aluminum hydroxide,
Alverine,Alverina
Alvimopan,
Amantadine,AMANTADINUM
Ambenonium,
Ambrisentan,AMBRISENTANUM
Amifampridine,
Amifostine,
Amikacin,AMIKACINUM
Amiloride,
Aminocaproic acid,
Aminoglutethimide,
Aminolevulinic acid,ACIDUM 5-AMINOLEVULINICUM
Aminophylline,AMINOPHYLLINUM
Aminosalicylic acid,
Amiodarone,AMIODARONUM
Amisulpride,AMISULPRIDUM
Amitriptyline,AMITRIPTYLINUM
Amlodipine,AMLODIPINUM
Ammonium chloride,
Amobarbital,
Amoxapine,
Amoxicillin,AMOXICILLINUM
Amphetamine,
Amphotericin B,AMPHOTERICINUM B
Ampicillin,AMPICILLINUM
Amprenavir,
Amrinone,
Amyl Nitrite,
Anagrelide,ANAGRELIDUM
Anakinra,ANAKINRA
Anastrozole,ANASTROZOLUM
Anidulafungin,ANIDULAFUNGINUM
Anistreplase,
Antithrombin III human,ANTITHROMBINUM III
Antithymocyte immunoglobulin (rabbit),IMUNOGLOBULINA ANTI-LIMFOCITE (DE IEPURE)
Apalutamide,APALUTAMIDUM
Apixaban,APIXABANUM
Apomorphine,APOMORFINUM
Apremilast,APREMILASTUM
Aprepitant,APREPITANTUM
Aprotinin,APROTININUM
Arbutamine,
Argatroban,
Aripiprazole,ARIPIPRAZOLUM
Armodafinil,
Arsenic trioxide,ARSENICUM TRIOXIDUM
Artesunate,
Ascorbic acid,ACIDUM ASCORBICUM
Asenapine,ASENAPINUM
Asfotase alfa,
Asparaginase Escherichia coli,ASPARAGINAZUM
Astemizole,
Atazanavir,ATAZANAVIRUM
Atenolol,ATENOLOLUM
Atezolizumab,ATEZOLIZUMAB
Atomoxetine,ATOMOXETINUM
Atorvastatin,ATORVASTATINUM
Atovaquone,
Atracurium,ATRACURIUM
Atropine,ATROPINUM
Auranofin,
Aurothioglucose,
Avanafil,AVANAFILUM
Avatrombopag,AVATROMBOPAG
Avelumab,AVELUMABUM
Axitinib,AXITINIBUM
Azacitidine,AZACITIDINUM
Azatadine,
Azathioprine,AZATHIOPRINUM
Azilsartan medoxomil,
Azithromycin,AZITHROMYCINUM
Aztreonam,
Bacampicillin,
Bacitracin,
Baclofen,BACLOFENUM
Balsalazide,
Baricitinib,BARICITINIBUM
Basiliximab,BASILIXIMABUM
Bedaquiline,BEDAQUILINUM
Belatacept,
Belimumab,BELIMUMABUM
Belinostat,
Benazepril,
Bendamustine,BENDAMUSTINUM
Bendroflumethiazide,
Benralizumab,BENRALIZUMABUM
Benznidazole,
Benzthiazide,
Benzyl alcohol,
Bepridil,
Betamethasone,BETAMETHASONUM
Betaxolol,BETAXOLOLUM
Bethanechol,
Bevacizumab,BEVACIZUMABUM
Bexarotene,BEXAROTENUM
Bezlotoxumab,
Bicalutamide,BICALUTAMIDUM
Binimetinib,BINIMETINIBUM
Biperiden,
Bisacodyl,BISACODYLUM
Bisoprolol,BISOPROLOLUM
Bivalirudin,
Bleomycin,BLEOMYCINUM SULFAS
Blinatumomab,BLINATUMOMABUM
Boceprevir,
Bortezomib,BORTEZOMIBUM
Bosentan,BOSENTANUM
Bosutinib,BOSUTINIBUM
Bretylium,
Brexpiprazole,
Brigatinib,BRIGATINIBUM
Brivaracetam,BRIVARACETAMUM
Brodalumab,
Bromfenac,BROMFENACUM
Bromocriptine,BROMOCRIPTINUM
Brompheniramine,
Budesonide,BUDESONIDUM
Bumetanide,
Bupivacaine,BUPIVACAINUM
Buprenorphine,BUPRENORPHINUM
Bupropion,BUPROPIONUM
Burosumab,BUROSUMABUM
Buspirone,BUSPIRONUM
Busulfan,BUSULFANUM
Butabarbital,
Butalbital,
Butorphanol,
Cabazitaxel,CABAZITAXELUM
Cabergoline,CABERGOLINUM
Cabozantinib,CABOZANTINIBUM
Caffeine,CAFEINUM
Calcifediol,CALCIFEDIOLUM
Calcitriol,
Calcium acetate,
Calcium carbonate,CALCIUM CARBONATE
Calcium chloride,CALCII CHLORIDUM
Calcium citrate,
Calcium gluconate,CALCII GLUCONAS
Calcium lactate,
Calcium levulinate,
Canagliflozin,CANAGLIFLOZINUM
Canakinumab,CANAKINUMABUM
Cangrelor,CANGRELORUM
Cannabidiol,
Capecitabine,CAPECITABINUM
Caplacizumab,CAPLACIZUMABUM
Capreomycin,
Capromab pendetide,
Capsaicin,CAPSAICINUM
Captopril,CAPTOPRILUM
Carbamazepine,CARBAMAZEPINUM
Carbenicillin,
Carbinoxamine,
Carboplatin,CARBOPLATINUM
Carfilzomib,CARFILZOMIBUM
Cariprazine,CARIPRAZINUM
Carisoprodol,
Carmustine,CARMUSTINUM
Carteolol,CARTEOLOLUM
Carvedilol,CARVEDILOLUM
Caspofungin,CASPOFUNGINUM
Castor oil,
Catridecacog,
Cefaclor,CEFACLORUM
Cefadroxil,CEFADROXILUM
Cefalotin,
Cefamandole,
Cefazolin,CEFAZOLINUM
Cefdinir,
Cefditoren,
Cefepime,CEFEPIMUM
Cefixime,CEFIXIMUM
Cefmetazole,
Cefonicid,
Cefoperazone,CEFOPERAZONUM
Cefotaxime,CEFOTAXIMUM
Cefotetan,
Cefoxitin,
Cefpodoxime,CEFPODOXIMUM
Cefprozil,
Cefradine,
Ceftaroline fosamil,CEFTAROLINUM FOSMIL
Ceftazidime,CEFTAZIDIMUM
Ceftibuten,
Ceftizoxime,
Ceftriaxone,CEFTRIAXONUM
Cefuroxime,CEFUROXIMUM
Celecoxib,CELECOXIBUM
Cephalexin,CEFALEXINUM
Ceritinib,CERITINIBUM
Cerivastatin,
Certolizumab pegol,CERTOLIZUMAB PEGOL
Cetirizine,CETIRIZINUM
Cetuximab,CETUXIMABUM
Cevimeline,
Chenodeoxycholic acid,
Chloral hydrate,
Chlorambucil,CHLORAMBUCILUM
Chloramphenicol,CHLORAMPHENICOLUM
Chlorcyclizine,
Chlordiazepoxide,
Chlormezanone,
Chloroprocaine,
Chloroquine,
Chlorothiazide,
Chloroxylenol,
Chlorphenesin,
Chlorpheniramine,CHLORPHENAMINUM
Chlorpromazine,
Chlorpropamide,
Chlorthalidone,
Chlorzoxazone,CHLORZOXAZONUM
Cholecalciferol,COLECALCIFEROLUM
Cholestyramine,
Cholic Acid,
Choline salicylate,
Ciclesonide,CICLESONIDUM
Cidofovir,
Cilostazol,CILOSTAZOLUM
Cimetidine,CIMETIDINUM
Cinacalcet,CINACALCETUM
Cinoxacin,
Ciprofloxacin,CIPROFLOXACINUM
Cisapride,
Cisatracurium,
Cisplatin,CISPLATINUM
Citalopram,
Cladribine,CLADRIBINUM
Clarithromycin,CLARITHROMYCINUM
Clemastine,CLEMASTINUM
Clevidipine,
Clidinium,
Clindamycin,CLINDAMYCINUM
Clobazam,CLOBAZAMUM
Clofarabine,CLOFARABINUM
Clofazimine,
Clofibrate,
Clomipramine,CLOMIPRAMINUM
Clonazepam,CLONAZEPAMUM
Clonidine,CLONIDINUM
Clopidogrel,CLOPIDOGRELUM
Clotrimazole,CLOTRIMAZOLUM
Cloxacillin,
Clozapine,CLOZAPINUM
Coagulation factor VIIa Recombinant Human,
Cobicistat,COBICISTATUM
Cobimetinib,
Codeine,CODEINUM
Colchicine,COLCHICINUM
Colesevelam,
Colestipol,
Collagenase clostridium histolyticum,
Conestat alfa,CONESTAT ALFA
Conivaptan,
Conjugated estrogens,
Copanlisib,
Corticotropin,
Crizotinib,CRIZOTINIBUM
Cyanocobalamin,CYANOCOBALAMINUM
Cyclandelate,
Cyclizine,
Cyclobenzaprine,
Cyclopentolate,CYCLOPENTOLATI
Cyclophosphamide,CYCLOPHOSPHAMIDUM
Cycloserine,CYCLOSERINUM
Cyclosporine,
Cyproheptadine,CYPROHEPTADINUM
Cysteamine,
Cytarabine,CYTARABINUM
Dabrafenib,DABRAFENIBUM
Dacarbazine,DACARBAZINUM
Daclatasvir,
Dacomitinib,DACOMITINIBUM
Dactinomycin,DACTINOMICINUM
Dalbavancin,DALBAVANCINUM
Dalfampridine,
Dalteparin,DALTEPARINUM
Danaparoid,
Danazol,
Dantrolene,
Dapagliflozin,DAPAGLIFLOZINUM
Dapsone,DAPSONUM
Daptomycin,DAPTOMYCINUM
Daratumumab,DARATUMUMABUM
Darbepoetin alfa,DARBEPOETINUM ALFA
Darifenacin,DARIFENACINUM
Darunavir,DARUNAVIRUM
Dasatinib,DASATINIBUM
Daunorubicin,DAUNORUBICINUM
Decitabine,DECITABINUM
Deferasirox,DEFERASIROXUM
Deferiprone,
Deferoxamine,DEFEROXAMINUM
Defibrotide,
Deflazacort,
Degarelix,DEGARELIX
Delafloxacin,
Delavirdine,
Demeclocycline,
Denileukin diftitox,
Denosumab,DENOSUMAB
Deoxycholic acid,
Deserpidine,
Desflurane,DESFLURANUM
Desipramine,
Desirudin,
Deslanoside,
Desloratadine,DESLORATADINUM
Desmopressin,DESMOPRESSINUM
Desvenlafaxine,
Dexamethasone,DEXAMETHASONUM
Dexbrompheniramine,
Dexfenfluramine,
Dexlansoprazole,
Dexmedetomidine,
Dexmethylphenidate,
Dexpanthenol,
Dexrazoxane,
Dextran,DEXTRANUM
Dextroamphetamine,
Dextromethorphan,DEXTROMETHORPHANUM
Dezocine,
Diamorphine,
Diatrizoate,
Diazepam,DIAZEPAMUM
Diazoxide,
Diclofenac,DICLOFENACUM
Dicloxacillin,
Dicyclomine,
Didanosine,
Diethylpropion,
Diethylstilbestrol,
Diflunisal,
Digitoxin,
Digoxin,DIGOXINUM
Digoxin Immune Fab (Ovine),
Dihydroergotamine,
Dihydrotachysterol,
Diltiazem,DILTIAZEMUM
Dimercaprol,
Dimethyl fumarate,DIMETHYL FUMARATE
Dimethyl sulfoxide,
Dinutuximab,DINUTUXIMAB BETA
Diphenhydramine,DIFENHIDRAMINUM
Dipyridamole,DIPYRIDAMOLUM
Disopyramide,
Disulfiram,DISULFIRAMUM
Dobutamine,DOBUTAMINUM
Docetaxel,DOCETAXELUM
Dofetilide,
Dolasetron,
Dolutegravir,DOLUTEGRAVIRUM
Donepezil,DONEPEZILUM
Dopamine,DOPAMINUM
Doravirine,DORAVIRINUM
Doripenem,
Doxacurium,
Doxapram,
Doxazosin,DOXAZOSINUM
Doxepin,DOXEPINUM
Doxercalciferol,
Doxorubicin,DOXORUBICINUM
Doxycycline,DOXYCYCLINUM
Doxylamine,
Dronabinol,
Dronedarone,
Droperidol,DROPERIDOLUM
Drospirenone,DROSPIRENONUM
Drotrecogin alfa,
Droxidopa,
Dulaglutide,DULAGLUTIDUM
Duloxetine,DULOXETINUM
Dupilumab,DUPILUMABUM
Durvalumab,DURVALUMABUM
Dutasteride,DUTASTERIDUM
Dyphylline,
Eculizumab,ECULIZUMABUM
Edaravone,
Edoxaban,EDOXABANUM
Efalizumab,
Efavirenz,
Eletriptan,
Eliglustat,ELIGLUSTAT
Elotuzumab,
Eltrombopag,ELTROMBOPAG
Eluxadoline,
Elvitegravir,ELVITEGRAVIR
Emapalumab,
Emicizumab,EMICIZUMABUM
Empagliflozin,EMPAGLIFLOZINUM
Emtricitabine,EMTRICITABINE
Enalapril,ENALAPRILUM
Enasidenib,
Encorafenib,ENCORAFENIBUM
Enflurane,
Enfuvirtide,
Enoxacin,
Enoxaparin,ENOXAPARINUM
Entacapone,ENTACAPONUM
Entecavir,ENTECAVIRUM
Enzalutamide,ENZALUTAMIDUM
Ephedrine,EPHEDRINI HYDROCHLORIDUM
Epinephrine,EPINEPHRINUM
Epirubicin,EPIRUBICINUM
Eplerenone,EPLERENONUM
Epoprostenol,
Eprosartan,
Eptifibatide,EPTIFIBATIDUM
Eravacycline,
Erenumab,ERENUMABUM
Ergocalciferol,
Ergotamine,
Eribulin,ERIBULINUM
Erlotinib,ERLOTINIBUM
Ertapenem,ERTAPENEMUM
Ertugliflozin,ERTUGLIFLOZINUM
Erythromycin,ERYTHROMYCINUM
Escitalopram,ESCITALOPRAMUM
Esketamine,ESKETAMINUM
Eslicarbazepine,
Esmolol,
Esomeprazole,ESOMEPRAZOLUM
Estazolam,
Estradiol,ESTRADIOLUM
Estramustine,
Estrone,
Eszopiclone,
Etacrynic acid,
Etanercept,ETANERCEPTUM
Ethambutol,ETHAMBUTOLUM
Ethanol,
Ethchlorvynol,
Ethionamide,ETIONAMIDUM
Ethosuximide,
Ethotoin,
Etidocaine,
Etodolac,
Etomidate,ETOMIDATUM
Etonogestrel,ETONOGESTRELUM
Etoposide,ETOPOSIDUM
Etravirine,ETRAVIRINUM
Everolimus,EVEROLIMUS
Evolocumab,EVOLOCUMABUM
Exemestane,EXEMESTANUM
Exenatide,EXENATIDUM
Ezetimibe,EZETIMIBUM
Ezogabine,
Famciclovir,
Famotidine,FAMOTIDINUM
Febuxostat,FEBUXOSTATUM
Felbamate,
Felodipine,FELODIPINUM
Fenfluramine,
Fenofibrate,FENOFIBRATUM
Fenofibric acid,
Fenoldopam,
Fenoprofen,
Fentanyl,FENTANYLUM
Ferrous fumarate,
Ferrous gluconate,FERROSI GLUCONAS
Ferumoxsil,
Fesoterodine,
Fexofenadine,
Fidaxomicin,FIDAXOMICINUM
Filgrastim,FILGRASTIMUM
Finasteride,FINASTERIDUM
Fingolimod,FINGOLIMODUM
Flavoxate,
Flecainide,FLECAINIDUM
Flibanserin,
Florbetaben (18F),
Florbetapir (18F),
Floxuridine,
Fluconazole,FLUCONAZOLUM
Flucytosine,
Fludarabine,FLUDARABINUM
Fludeoxyglucose (18F),FLUDEOXIGLUCOZA (18F)
Fludrocortisone,FLUDROCORTISONUM
Flumazenil,FLUMAZENILUM
Flunisolide,
Fluorescein,
Fluorouracil,FLUOROURACILUM
Fluoxetine,FLUOXETINUM
Fluoxymesterone,
Fluphenazine,
Flurazepam,
Flurbiprofen,FLURBIPROFENUM
Flutamide,FLUTAMIDUM
Fluticasone,FLUTICASONUM
Fluvastatin,FLUVASTATINUM
Fluvoxamine,FLUVOXAMINUM
Folic acid,ACIDUM FOLICUM
Fomepizole,
Fondaparinux,FONDAPARINUX SODIUM
Formoterol,FORMOTEROLUM
Fosamprenavir,FOSAMPRENAVIRUM
Foscarnet,
Fosfomycin,FOSFOMYCINUM
Fosinopril,FOSINOPRILUM
Fosphenytoin,
Fostamatinib,
Frovatriptan,
Fulvestrant,FULVESTRANTUM
Furosemide,FUROSEMIDUM
Gabapentin,GABAPENTINUM
Gadobenic acid,ACIDUM GADOBENICUM
Gadodiamide,
Gadofosveset trisodium,
Gadopentetic acid,
gadoteric acid,ACIDUM GADOTERICUM
Gadoteridol,GADOTERIDOLUM
Galantamine,GALANTAMINUM
Galcanezumab,GALCANEZUMABUM
Ganciclovir,GANCICLOVIRUM
Gatifloxacin,
Gefitinib,GEFITINIBUM
Gemcitabine,GEMCITABINUM
Gemfibrozil,
Gemifloxacin,
Gentamicin,GENTAMICINUM
Glatiramer,GLATIRAMER ACETAT
Glimepiride,GLIMEPIRIDUM
Glipizide,GLIPIZIDUM
Glucagon,GLUCAGONUM
Glucarpidase,
Glucosamine,GLUCOSAMINUM
Glutamic acid,
Glyburide,
Glycerin,GLYCEROLUM
Glycerol phenylbutyrate,GLYCEROLI PHENYLBUTYRAS
Glycine,
Golimumab,GOLIMUMAB
Gonadorelin,
Goserelin,GOSERELINUM
Granisetron,GRANISETRONUM
Grepafloxacin,
Griseofulvin,
Guanethidine,
Guanfacine,
Guselkumab,GUSELKUMABUM
Halazepam,
Halofantrine,
Haloperidol,HALOPERIDOLUM
Halothane,
Heparin,HEPARINUM
Histrelin,
Homatropine,
Human cytomegalovirus immune globulin,
Hyaluronidase,
Hydralazine,
Hydrochlorothiazide,HYDROCHLOROTHIAZIDUM
Hydrocodone,
Hydrocortisone,HYDROCORTISONUM
Hydroflumethiazide,
Hydrogen peroxide,
Hydromorphone,
Hydroxocobalamin,
Hydroxychloroquine,HYDROXYCHLOROQUINUM
Hydroxyethyl Starch,HYDROXYETHYL - AMIDON
Hydroxyurea,
Hydroxyzine,
Hyoscyamine,
Ibalizumab,
Ibandronate,ACIDUM IBANDRONICUM
Ibrutinib,IBRUTINIBUM
Ibuprofen,IBUPROFENUM
Ibutilide,
Icatibant,ICATIBANTUM
Idarubicin,IDARUBICINUM
Idarucizumab,IDARUCIZUMABUM
Idelalisib,
Ifosfamide,IFOSFAMIDUM
Iloperidone,
Iloprost,ILOPROSTUM
Imatinib,IMATINIBUM
Imipramine,
Indacaterol,INDACATEROLUM
Indapamide,INDAPAMIDUM
Indigotindisulfonic acid,
Indinavir,
Indomethacin,INDOMETACINUM
Infliximab,INFLIXIMABUM
Inositol,
Inotuzumab ozogamicin,INOTUZUMAB OZOGAMICIN
Insulin aspart,INSULINUM ASPART
Insulin degludec,INSULINUM DEGLUDEC
Insulin detemir,INSULINUM DETEMIR
Insulin glargine,INSULINUM GLARGINE
Insulin glulisine,INSULINUM GLULIZINA
Insulin human,INSULINE UMANE
Insulin lispro,INSULINUM LISPRO
Insulin pork,
"Interferon alfa-2a, Recombinant",
Iodipamide,
Iodixanol,IODIXANOLUM
Ioflupane I-123,IOFLUPANUM IOD 123
Iohexol,IOHEXOLUM
Iopamidol,IOPAMIDOLUM
Iopromide,IOPROMIDUM
Iothalamic acid,
Ioversol,IOVERSOLUM
Ioxilan,
Ipecac,
Ipilimumab,IPILIMUMABUM
Ipratropium,
Irbesartan,IRBESARTANUM
Irinotecan,IRINOTECANUM
Iron sucrose,OXIHIDROXID SUCROFERIC
Isocarboxazid,
Isoflurane,ISOFLURANUM
Isoniazid,ISONIAZIDUM
Isosorbide dinitrate,ISOSORBIDI DINITRAS
Isosorbide mononitrate,ISOSORBIDI MONONITRAS
Isotretinoin,ISOTRETINOINUM
Isoxsuprine,
Isradipine,
Itraconazole,ITRACONAZOLUM
Ivabradine,IVABRADINUM
Ivacaftor,IVACAFTORUM
Ivermectin,IVERMECTINUM
Ixabepilone,
Ixazomib,IXAZOMIB
Ixekizumab,IXEKIZUMABUM
Kanamycin,KANAMYCINUM
Kaolin,
Ketamine,KETAMINUM
Ketoconazole,KETOCONAZOLUM
Ketoprofen,KETOPROFENUM
Ketorolac,KETOROLACUM TROMETHAMIN
Labetalol,
Lacosamide,LACOSAMIDUM
Lactitol,
Lactulose,LACTULOSUM
Lamivudine,LAMIVUDINUM
Lamotrigine,LAMOTRIGINUM
Lanadelumab,LANADELUMABUM
Lanreotide,LANREOTIDUM
Lansoprazole,LANSOPRAZOLUM
Lanthanum carbonate,LANTANUM
Lapatinib,LAPATINIBUM
Leflunomide,LEFLUNOMIDUM
Lenalidomide,LENALIDOMIDUM
Lenvatinib,LENVATINIBUM
Lepirudin,
Lesinurad,
Letermovir,LETERMOVIRUM
Letrozole,LETROZOLUM
Leucovorin,
Leuprolide,
Levamisole,LEVAMISOLUM
Levetiracetam,LEVETIRACETAMUM
Levobupivacaine,
Levocarnitine,LEVOCARNITINUM
Levocetirizine,LEVOCETIRIZINUM
Levodopa,LEVODOPUM
Levofloxacin,LEVOFLOXACINUM
Levoleucovorin,
Levonorgestrel,LEVONORGESTRELUM
Levothyroxine,LEVOTHYROXINUM
Lidocaine,LIDOCAINUM
Linaclotide,
Linagliptin,LINAGLIPTINUM
Lincomycin,
Linezolid,LINEZOLIDUM
Liothyronine,
Liraglutide,LIRAGLUTIDUM
Lisdexamfetamine,
Lisinopril,LISINOPRILUM
Lixisenatide,LIXISENATIDUM
Lofexidine,
Lomefloxacin,
Lomitapide,LOMITAPIDUM
Lomustine,
Loperamide,LOPERAMIDUM
Loracarbef,
Loratadine,LORATADINUM
Lorazepam,LORAZEPAMUM
Lorcaserin,
Lorlatinib,LORLATINIBUM
Losartan,LOSARTANUM
Lovastatin,LOVASTATINUM
Loxapine,LOXAPINUM
Lubiprostone,
Lumiracoxib,
Lurasidone,LURASIDONUM
Lusutrombopag,
Macimorelin,
Macitentan,MACITENTANUM
Magaldrate,
Magnesium carbonate,MAGNESIUM CARBONATE
Magnesium chloride,
Magnesium citrate,
Magnesium gluconate,
Magnesium hydroxide,
Magnesium lactate,
Magnesium oxide,
Magnesium sulfate,SULFAT DE MG
Mangafodipir,
Mannitol,MANNITOLUM
Maprotiline,
Maraviroc,MARAVIROCUM
Mazindol,
Mebendazole,MEBENDAZOLUM
Mecamylamine,
Mecasermin,MECASERMINUM
Mechlorethamine,
Meclizine,
Mefenamic acid,ACIDUM MEFENAMICUM
Mefloquine,MEFLOQUINUM
Megestrol acetate,MEGESTROLUM
Melatonin,MELATONINUM
Meloxicam,MELOXICAMUM
Melphalan,MELPHALANUM
Memantine,MEMANTINUM
Mepenzolate,
Meperidine,
Mephentermine,
Mephenytoin,
Mepivacaine,MEPIVACAINUM
Mepolizumab,
Meprobamate,
Mercaptopurine,MERCAPTOPURINUM
Meropenem,MEROPENEMUM
Mesalazine,MESALAZINUM
Mesoridazine,
Metamfetamine,
Metaraminol,
Metformin,METFORMINUM
Methadone,METHADONUM
Methazolamide,
Methdilazine,
Methenamine,
Methimazole,
Methionine,
Methocarbamol,
Methohexital,
Methotrexate,METHOTREXATUM
Methotrimeprazine,
Methoxamine,
Methoxsalen,
Methoxyflurane,
Methscopolamine,
Methsuximide,
Methylcellulose,
Methylene blue,
Methylergometrine,
Methylnaltrexone,METHYLNALTREXONUM
Methylphenidate,
Methylphenobarbital,
Methylprednisolone,METHYLPREDNISOLONUM ACEPONAT
Methyltestosterone,
Metipranolol,
Metoclopramide,METOCLOPRAMIDUM
Metolazone,
Metoprolol,METOPROLOLUM
Metreleptin,METRELEPTIN
Metronidazole,METRONIDAZOLUM
Metyrapone,METYRAPONUM
Metyrosine,
Mexiletine,
Mezlocillin,
Micafungin,MICAFUNGINUM
Miconazole,MICONAZOLUM
Midazolam,MIDAZOLAMUM
Midodrine,MIDODRINUM
Midostaurin,MIDOSTAURINUM
Mifepristone,MIFEPRISTONUM
Migalastat,MIGALASTATUM
Miglitol,
Milnacipran,
Milrinone,MILRINONUM
Miltefosine,
Mineral oil,
Minocycline,MINOCYCLINUM
Minoxidil,MINOXIDILUM
Mipomersen,
Mirabegron,MIRABEGRONUM
Mirtazapine,MIRTAZAPINUM
Misoprostol,MISOPROSTOLUM
Mitomycin,MITOMICINUM
Mitotane,MITOTANUM
Mitoxantrone,MITOXANTRONUM
Mivacurium,MIVACURIUM
Modafinil,MODAFINILUM
Moexipril,
Mogamulizumab,MOGAMULIZUMAB
Molindone,
Montelukast,MONTELUKASTUM
Moricizine,
Morphine,MORPHYNUM
Moxifloxacin,MOXIFLOXACINUM
Muromonab,
Mycophenolic acid,MYCOPHENOLATUM
Nabilone,
Nabumetone,
Nadolol,
Nafarelin,
Nafcillin,
Nalbuphine,
Naldemedine,
Nalidixic acid,
Nalmefene,NALMEFENUM
Naloxegol,
Naloxone,NALOXONUM
Naltrexone,NALTREXONUM
Naproxen,NAPROXENUM
Naratriptan,NARATRIPTANUM
Natalizumab,NATALIZUMABUM
Nateglinide,NATEGLINIDUM
Nebivolol,NEBIVOLOLUM
Necitumumab,
Nedocromil,
Nefazodone,
Nelarabine,NELARABINUM
Nelfinavir,
Neomycin,NEOMYCINUM
Neostigmine,NEOSTIGMINI METILSULFAS / NEOSTIGMINI BROMIDUM               
Neratinib,
Nesiritide,
Netilmicin,NETILMICINUM
Nevirapine,NEVIRAPINUM
Niacin,
Nicardipine,NICARDIPINUM
Niclosamide,
Nicotine,NICOTINUM
Nifedipine,NIFEDIPINUM
Nilotinib,NILOTINIBUM
Nilutamide,
Nimodipine,NIMODIPINUM
Nintedanib,NINTEDANIBUM
Niraparib,
Nisoldipine,
Nitric Oxide,
Nitrofurantoin,NITROFURANTOINUM
Nitroglycerin,NITROGLYCERINUM
Nitroprusside,
Nitrous oxide,
Nivolumab,NIVOLUMABUM
Nizatidine,
Norepinephrine,
Norfloxacin,NORFLOXACINUM
Norgestrel,LEVONORGESTRELUM
Nortriptyline,
Nystatin,NYSTATINUM
Obeticholic acid,ACIDUM OBETICHOLICUM
Obinutuzumab,OBINUTUZUMABUM
Ocrelizumab,OCRELIZUMAB
Octreotide,OCTREOTIDUM
Ofatumumab,OFATUMUMAB
Ofloxacin,OFLOXACINUM
Olanzapine,OLANZAPINUM
Olaparib,OLAPARIBUM
Olaratumab,
Olmesartan,OLMESARTANUM
Olodaterol,OLODATEROLUM
Olsalazine,
Omadacycline,
Omalizumab,OMALIZUMABUM
Omeprazole,OMEPRAZOLUM
Ondansetron,ONDANSETRONUM
Opicapone,OPICAPONUM
Opium,OPIUM
Oritavancin,
Orlistat,ORLISTATUM
Orphenadrine,
Oseltamivir,OSELTAMIVIRUM
Osimertinib,OSIMERTINIB
Ospemifene,
Oxacillin,OXACILLINUM
Oxaliplatin,OXALIPLATINUM
Oxamniquine,
Oxandrolone,
Oxaprozin,
Oxazepam,
Oxcarbazepine,OXCARBAZEPINUM
Oxprenolol,
Oxtriphylline,
Oxybutynin,OXYBUTYNINUM
Oxycodone,OXYCODONUM
Oxymetholone,
Oxytetracycline,
Oxytocin,OXYTOCINUM
Ozanimod,OZANIMODUM
Paclitaxel,PACLITAXELUM
Palbociclib,PALBOCICLIBUM
Palifermin,
Paliperidone,PALIPERIDONUM
Palivizumab,PALIVIZUMABUM
Palonosetron,PALONOSETRONUM
Pancrelipase,
Pancuronium,
Panitumumab,PANITUMUMABUM
Panobinostat,PANOBINOSTATUM
Pantoprazole,PANTOPRAZOLUM
Papaverine,PAPAVERINI HYDROCHLORIDUM
Paraldehyde,
Paramethadione,
Parathyroid hormone,PARATHYROID HORMONE
Paricalcitol,PARICALCITOLUM
Paromomycin,
Paroxetine,PAROXETINUM
Pasireotide,PASIREOTIDUM
Pazopanib,PAZOPANIB
Pegaspargase,PEGASPARGASUM
Pegfilgrastim,PEGFILGRASTIMUM
Peginesatide,
Pegloticase,
Pegvisomant,PEGVISOMANTUM
Pembrolizumab,PEMBROLIZUMABUM
Pemetrexed,PEMETREXEDUM
Penbutolol,
Penicillamine,PENICILLAMINUM
Pentamidine,
Pentazocine,
Pentobarbital,
Pentosan polysulfate,
Pentostatin,
Pentoxifylline,PENTOXIFYLLINUM
Peramivir,
Perampanel,
Pergolide,
Perindopril,PERINDOPRILUM
Perphenazine,
Pertuzumab,PERTUZUMABUM
Phenacemide,
Phenazopyridine,
Phenelzine,
Phenindamine,
Phenobarbital,PHENOBARBITALUM
Phenol,
Phenolphthalein,
Phenoxybenzamine,
Phensuximide,
Phentermine,
Phentolamine,
Phenylbutazone,PHENYLBUTAZONUM
Phenylephrine,PHENYLEPHRINUM
Phenylpropanolamine,
Phenytoin,PHENYTOINUM
Phosphocreatine,FOSFOCREATININUM
Physostigmine,
Pilocarpine,
Pimavanserin,
Pimozide,
Pindolol,
Pioglitazone,PIOGLITAZONUM
Pipecuronium,
Piperacillin,PIPERACILLINUM
Piperazine,
Pirbuterol,
Pirfenidone,PIRFENIDONUM
Piroxicam,PIROXICAMUM
Pitavastatin,
Pitolisant,PITOLISANTUM
Plantago ovata seed,
Plecanatide,
Plerixafor,PLERIXAFOR
Plicamycin,
Polidocanol,
Polymyxin B,
Polythiazide,
Pomalidomide,POMALIDOMIDUM
Ponatinib,PONATINIBUM
Posaconazole,POSACONAZOLUM
Potassium acetate,
Potassium bicarbonate,
Potassium chloride,KALII CHLORIDUM
Potassium citrate,
Potassium gluconate,
Potassium Iodide,KALII IODIDUM
Potassium perchlorate,
Pralatrexate,
Pralidoxime,
Pramipexole,PRAMIPEXOLUM
Pramlintide,
Prasugrel,PRASUGREL
Pravastatin,PRAVASTATINUM
Praziquantel,
Prazosin,
Prednisolone,PREDNISOLONUM
Prednisone,PREDNISONUM
Pregabalin,PREGABALINUM
Prilocaine,PRILOCAINUM
Primaquine,
Primidone,
Probenecid,
Probucol,
Procainamide,
Procaine,PROCAINUM
Procaine benzylpenicillin,
Procarbazine,
Prochlorperazine,PROCHLORPERAZINUM
Procyclidine,
Progesterone,PROGESTERONUM
Proguanil,
Promazine,
Promethazine,PROMETHAZINUM
Propafenone,PROPAFENONUM
Propantheline,
Propiomazine,
Propofol,PROPOFOLUM
Propranolol,PROPRANOLOLUM
Propylthiouracil,
Protein C,PROTEINA C
Protirelin,
Protriptyline,
Prucalopride,
Prussian blue,
Pseudoephedrine,PSEUDOEPHEDRINE
Pyrantel,
Pyrazinamide,PYRAZINAMIDUM
Pyridostigmine,PYRIDOSTIGMINI BROMIDUM
Pyridoxine,PYRIDOXINUM
Pyrimethamine,
Pyrithione,
Quazepam,
Quetiapine,QUETIAPINUM
Quinapril,QUINAPRILUM
Quinidine,
Quinine,
Rabeprazole,RABEPRAZOLUM
Raloxifene,RALOXIFENUM
Raltegravir,RALTEGRAVIRUM
Ramelteon,
Ramipril,RAMIPRILUM
Ramucirumab,RAMUCIRUMABUM
Ranitidine,
Ranolazine,RANOLAZINUM
Rasagiline,RASAGILINUM
Rasburicase,
Regadenoson,REGADENOSONUM
Regorafenib,REGORAFENIBUM
Remifentanil,REMIFENTANILUM
Repaglinide,REPAGLINIDUM
Reserpine,
Reslizumab,
Reteplase,RETEPLASUM
Ribavirin,RIBAVIRINUM
Ribociclib,RIBOCICLIBUM
Riboflavin,
Rifabutin,
Rifampicin,RIFAMPICINUM
Rifamycin,
Rifapentine,
Rifaximin,RIFAXIMINUM
Rilonacept,
Rilpivirine,RILPIVIRINUM
Riluzole,RILUZOLUM
Rimantadine,
Riociguat,RIOCIGUAT
Risperidone,RISPERIDONUM
Ritodrine,
Ritonavir,RITONAVIRUM
Rituximab,RITUXIMABUM
Rivaroxaban,RIVAROXABANUM
Rivastigmine,RIVASTIGMINUM
Rizatriptan,RIZATRIPTANUM
Rocuronium,ROCURONIUM BROMIDE
Rofecoxib,
Roflumilast,ROFLUMILAST
Rolapitant,
Romidepsin,
Romiplostim,ROMIPLOSTIMUM
Romosozumab,
Ropinirole,ROPINIROLUM
Ropivacaine,ROPIVACAINUM
Rosiglitazone,
Rosuvastatin,ROSUVASTATINUM
Rotavirus vaccine,VACCIN ROTAVIRUS
Rotigotine,ROTIGOTINUM
Rubella virus vaccine,
Rucaparib,
Rufinamide,RUFINAMIDUM
Rutin,
Ruxolitinib,RUXOLITINIBUM
Safinamide,
Salicylic acid,
Salmeterol,SALMETEROLUM
Salsalate,
Sapropterin,SAPROPTERINUM
Saquinavir,
Sarecycline,
Sargramostim,
Sarilumab,
Saxagliptin,SAXAGLIPTINUM
Scopolamine,
Secobarbital,
Secukinumab,SECUKINUMABUM
Selegiline,SELEGILINUM
Selexipag,SELEXIPAGUM
Semaglutide,SEMAGLUTIDUM
Sertraline,SERTRALINUM
Sevelamer,SEVELAMER
Sevoflurane,SEVOFLURANUM
Sibutramine,
Sildenafil,SILDENAFILUM
Silodosin,SILODOSINUM
Siltuximab,SILTUXIMABUM
Simeprevir,
Simvastatin,SIMVASTATINUM
Sincalide,
Sirolimus,SIROLIMUS
Sitagliptin,SITAGLIPTINUM
Sodium acetate,
Sodium bicarbonate,NATRII HYDROGENI CARBONAS
Sodium chloride,NATRII CHLORIDUM
Sodium citrate,NATRII CITRAS
Sodium oxybate,
Sodium zirconium cyclosilicate,NATRII ZIRCONII CYCLOSILICAS
Sofosbuvir,SOFOSBUVIRUM
Solifenacin,SOLIFENACINUM SUCCINATE
Somatrem,
Sonidegib,
Sorafenib,SORAFENIBUM
Sorbitol,SORBITOLUM
Sotalol,SOTALOLUM
Sparfloxacin,
Spectinomycin,
Spironolactone,SPIRONOLACTONUM
Stanozolol,
Stavudine,STAVUDINUM
Stiripentol,STIRIPENTOLUM
Streptokinase,
Streptomycin,STREPTOMYCINUM
Streptozocin,
Succinylcholine,
Sucralfate,SUCRALFATUM
Sufentanil,SUFENTANILUM CITRATUM
Sugammadex,SUGAMMADEXUM
Sulfadiazine,SULFADIAZINUM
Sulfadoxine,
Sulfamethizole,
Sulfamethoxazole,SULFAMETHOXAZOLUM
Sulfasalazine,SULFASALAZINUM
Sulfinpyrazone,
Sulfisoxazole,
Sulindac,
Sumatriptan,SUMATRIPTANUM
Sunitinib,SUNITINIBUM
Suvorexant,
Tacrine,
Tacrolimus,TACROLIMUSUM
Tadalafil,TADALAFILUM
Tafamidis,TAFAMIDIS
Talazoparib,TALAZOPARIBUM
Talimogene laherparepvec,
Tamoxifen,TAMOXIFENUM
Tamsulosin,TAMSULOSINUM
Tapentadol,
Tasimelteon,
Tazobactam,TAZOBACTAMUM
Technetium Tc-99m exametazime,
Tedizolid,
Teduglutide,TEDUGLUTIDUM
Tegaserod,
Telaprevir,
Telavancin,
Telbivudine,TELBIVUDINUM
Telithromycin,
Telmisartan,TELMISARTANUM
Temazepam,
Temozolomide,TEMOZOLOMIDUM
Temsirolimus,TEMSIROLIMUSUM
Tenecteplase,TENECTEPLAZUM
Teniposide,
Tenofovir alafenamide,TENOFOVIRUM ALAFENAMIDA
Terazosin,
Terbinafine,TERBINAFINUM
Terbutaline,
Terfenadine,
Teriflunomide,TERIFLUNOMIDUM
Teriparatide,TERIPARATIDUM
Tesamorelin,
Testosterone,TESTOSTERONUM
Tetanus Immune Globulin,
Tetrabenazine,TETRABENAZINUM
Tetracaine,
Tetracycline,TETRACYCLINUM
Thalidomide,TALIDOMIDUM
Theophylline,THEOPHYLLINUM
Thiabendazole,
Thiamine,THIAMINUM
Thiethylperazine,
Thiopental,THIOPENTALUM
Thioridazine,
Thiotepa,
Thiothixene,
Tiagabine,
Ticagrelor,TICAGRELOR
Ticarcillin,
Ticlopidine,TICLOPIDINUM
Tigecycline,TIGECYCLINUM
Tildrakizumab,TILDRAKIZUMABUM
Tiludronic acid,
Timolol,TIMOLOLUM
Tinidazole,TINIDAZOLUM
Tinzaparin,TINZAPARINUM
Tiopronin,
Tiotropium,TIOTROPIUM
Tipranavir,
Tirofiban,
Tizanidine,
Tobramycin,TOBRAMYCINUM
Tocainide,
Tocilizumab,TOCILIZUMABUM
Tofacitinib,TOFACITINIB
Tolazamide,
Tolazoline,
Tolbutamide,
Tolcapone,
Tolmetin,
Tolterodine,TOLTERODINUM
Tolvaptan,TOLVAPTAN
Topiramate,TOPIRAMATUM
Topotecan,
Toremifene,TOREMIFENUM
Tositumomab,
Trabectedin,TRABECTEDINUM
Tramadol,TRAMADOLUM
Trametinib,TRAMETINIBUM
Trandolapril,TRANDOLAPRILUM
Tranexamic acid,ACIDUM TRANEXAMICUM
Tranylcypromine,
Trastuzumab,TRASTUZUMABUM
Trazodone,TRAZODONUM
Treprostinil,TREPROSTINILUM
Tretinoin,TRETINOINUM
Triamcinolone,TRIAMCINOLONUM
Triamterene,
Triazolam,
Trichlormethiazide,
Triclabendazole,
Trifluoperazine,
Triflupromazine,
Trihexyphenidyl,TRIHEXYPHENIDYLUM
Trimethadione,
Trimethobenzamide,
Trimethoprim,TRIMETHOPRIMUM
Trimetrexate,
Trimipramine,
Trioxsalen,
Tripelennamine,
Triprolidine,
Triptorelin,TRIPTORELINUM
Troglitazone,
Troleandomycin,
Tromethamine,KETOROLACUM TROMETHAMIN
Trospium,TROSPIUM
Trovafloxacin,
Tryptophan,
Tubocurarine,
Udenafil,
Ulipristal,ULIPRISTALUM ACETATUM
Umeclidinium,UMECLIDINIUM
Uracil mustard,
Urokinase,
Ustekinumab,USTEKINUMAB
Valaciclovir,
Valbenazine,
Valdecoxib,
Valganciclovir,VALGANCICLOVIRUM
Valproic acid,ACIDUM VALPROICUM
Valrubicin,
Valsartan,VALSARTANUM
Vancomycin,VANCOMYCINUM
Vandetanib,VANDETANIBUM
Vardenafil,VARDENAFILUM
Varenicline,VARENICLINUM
Vecuronium,
Vedolizumab,VEDOLIZUMABUM
Vemurafenib,VEMURAFENIBUM
Venetoclax,VENETOCLAX
Venlafaxine,VENLAFAXINUM
Verapamil,VERAPAMILUM
Verteporfin,VERTEPORFINUM
Vigabatrin,
Vilazodone,
Viloxazine,
Vinblastine,VINBLASTINUM
Vincristine,VINCRISTINUM
Vinorelbine,VINORELBINUM
Vismodegib,VISMODEGIB
Vitamin A,RETINOLUM
Vorapaxar,VORAPAXAR
Voriconazole,VORICONAZOLUM
Vorinostat,
Vortioxetine,VORTIOXETINUM
Warfarin,
Yellow Fever Vaccine,VACCIN VIU ATENUAT IMPOTRIVA FEBREI GALBENE
Yohimbine,
Zafirlukast,
Zalcitabine,
Zaleplon,ZALEPLONUM
Zanamivir,ZANAMIVIRUM
Ziconotide,ZICONOTIDUM
Zidovudine,ZIDOVUDINUM
Zinc acetate,ACETAT DE ZINC DIHIDRAT
Zinc chloride,
Zinc gluconate,
Zinc sulfate,
Ziprasidone,ZIPRASIDONUM
Zoledronic acid,ACIDUM ZOLEDRONICUM
Zolmitriptan,
Zolpidem,ZOLPIDEMUM
Zonisamide,ZONISAMIDUM